mode,trial,final_edges,crashes,iters
byte,0,348,0,25000
byte,1,339,0,25000
byte,2,339,0,25000
byte,3,351,0,25000
byte,4,359,0,25000
byte,5,342,0,25000
byte,6,336,0,25000
byte,7,338,0,25000
byte,8,341,0,25000
byte,9,351,0,25000
byte,10,348,0,25000
byte,11,348,0,25000
byte,12,348,0,25000
byte,13,335,0,25000
byte,14,344,0,25000
byte,15,337,0,25000
byte,16,354,0,25000
byte,17,336,0,25000
byte,18,341,0,25000
byte,19,343,0,25000
byte,20,336,0,25000
byte,21,353,0,25000
byte,22,344,0,25000
byte,23,352,0,25000
byte,24,326,0,25000
byte,25,341,0,25000
byte,26,350,0,25000
byte,27,335,0,25000
byte,28,344,0,25000
byte,29,344,0,25000
uniform,0,378,0,25000
uniform,1,383,0,25000
uniform,2,391,0,25000
uniform,3,380,0,25000
uniform,4,398,0,25000
uniform,5,392,0,25000
uniform,6,386,0,25000
uniform,7,390,0,25000
uniform,8,392,0,25000
uniform,9,378,0,25000
uniform,10,382,0,25000
uniform,11,391,0,25000
uniform,12,391,0,25000
uniform,13,382,0,25000
uniform,14,386,0,25000
uniform,15,382,0,25000
uniform,16,373,0,25000
uniform,17,378,0,25000
uniform,18,389,0,25000
uniform,19,384,0,25000
uniform,20,382,0,25000
uniform,21,395,0,25000
uniform,22,383,0,25000
uniform,23,380,0,25000
uniform,24,394,0,25000
uniform,25,381,0,25000
uniform,26,378,0,25000
uniform,27,395,0,25000
uniform,28,374,0,25000
uniform,29,383,0,25000
entropy,0,394,0,25000
entropy,1,395,0,25000
entropy,2,391,0,25000
entropy,3,394,0,25000
entropy,4,393,0,25000
entropy,5,380,0,25000
entropy,6,383,0,25000
entropy,7,390,0,25000
entropy,8,393,0,25000
entropy,9,389,0,25000
entropy,10,398,0,25000
entropy,11,379,0,25000
entropy,12,388,0,25000
entropy,13,390,0,25000
entropy,14,396,0,25000
entropy,15,386,0,25000
entropy,16,383,0,25000
entropy,17,387,0,25000
entropy,18,387,0,25000
entropy,19,381,0,25000
entropy,20,400,0,25000
entropy,21,388,0,25000
entropy,22,403,0,25000
entropy,23,394,0,25000
entropy,24,384,0,25000
entropy,25,396,0,25000
entropy,26,387,0,25000
entropy,27,393,0,25000
entropy,28,383,0,25000
entropy,29,382,0,25000
