mode,trial,iter,edges
byte,0,0,184
byte,0,500,257
byte,0,1000,265
byte,0,1500,271
byte,0,2000,276
byte,0,2500,282
byte,0,3000,286
byte,0,3500,291
byte,0,4000,294
byte,0,4500,298
byte,0,5000,299
byte,0,5500,300
byte,0,6000,301
byte,0,6500,302
byte,0,7000,303
byte,0,7500,304
byte,0,8000,308
byte,0,8500,310
byte,0,9000,313
byte,0,9500,313
byte,0,10000,316
byte,0,10500,323
byte,0,11000,326
byte,0,11500,328
byte,0,12000,332
byte,0,12500,337
byte,0,13000,339
byte,0,13500,339
byte,0,14000,339
byte,0,14500,339
byte,0,15000,340
byte,0,15500,342
byte,0,16000,342
byte,0,16500,342
byte,0,17000,342
byte,0,17500,342
byte,0,18000,346
byte,0,18500,346
byte,0,19000,346
byte,0,19500,346
byte,0,20000,346
byte,0,20500,346
byte,0,21000,346
byte,0,21500,346
byte,0,22000,346
byte,0,22500,346
byte,0,23000,346
byte,0,23500,347
byte,0,24000,347
byte,0,24500,348
byte,1,0,178
byte,1,500,256
byte,1,1000,274
byte,1,1500,283
byte,1,2000,288
byte,1,2500,298
byte,1,3000,299
byte,1,3500,307
byte,1,4000,314
byte,1,4500,316
byte,1,5000,321
byte,1,5500,322
byte,1,6000,323
byte,1,6500,323
byte,1,7000,324
byte,1,7500,324
byte,1,8000,325
byte,1,8500,326
byte,1,9000,330
byte,1,9500,332
byte,1,10000,333
byte,1,10500,333
byte,1,11000,337
byte,1,11500,337
byte,1,12000,337
byte,1,12500,337
byte,1,13000,337
byte,1,13500,337
byte,1,14000,338
byte,1,14500,340
byte,1,15000,340
byte,1,15500,342
byte,1,16000,342
byte,1,16500,342
byte,1,17000,342
byte,1,17500,343
byte,1,18000,344
byte,1,18500,345
byte,1,19000,347
byte,1,19500,347
byte,1,20000,347
byte,1,20500,347
byte,1,21000,347
byte,1,21500,348
byte,1,22000,348
byte,1,22500,348
byte,1,23000,348
byte,1,23500,349
byte,1,24000,350
byte,1,24500,353
byte,2,0,178
byte,2,500,258
byte,2,1000,265
byte,2,1500,268
byte,2,2000,270
byte,2,2500,273
byte,2,3000,282
byte,2,3500,293
byte,2,4000,296
byte,2,4500,296
byte,2,5000,298
byte,2,5500,300
byte,2,6000,301
byte,2,6500,303
byte,2,7000,312
byte,2,7500,313
byte,2,8000,314
byte,2,8500,314
byte,2,9000,314
byte,2,9500,315
byte,2,10000,318
byte,2,10500,322
byte,2,11000,325
byte,2,11500,325
byte,2,12000,328
byte,2,12500,328
byte,2,13000,329
byte,2,13500,329
byte,2,14000,331
byte,2,14500,331
byte,2,15000,333
byte,2,15500,333
byte,2,16000,333
byte,2,16500,333
byte,2,17000,334
byte,2,17500,334
byte,2,18000,334
byte,2,18500,334
byte,2,19000,336
byte,2,19500,338
byte,2,20000,338
byte,2,20500,340
byte,2,21000,340
byte,2,21500,341
byte,2,22000,341
byte,2,22500,347
byte,2,23000,348
byte,2,23500,349
byte,2,24000,349
byte,2,24500,349
byte,3,0,184
byte,3,500,249
byte,3,1000,266
byte,3,1500,271
byte,3,2000,275
byte,3,2500,277
byte,3,3000,278
byte,3,3500,281
byte,3,4000,290
byte,3,4500,292
byte,3,5000,294
byte,3,5500,295
byte,3,6000,296
byte,3,6500,297
byte,3,7000,301
byte,3,7500,304
byte,3,8000,308
byte,3,8500,309
byte,3,9000,312
byte,3,9500,314
byte,3,10000,319
byte,3,10500,319
byte,3,11000,319
byte,3,11500,320
byte,3,12000,320
byte,3,12500,320
byte,3,13000,321
byte,3,13500,322
byte,3,14000,324
byte,3,14500,325
byte,3,15000,326
byte,3,15500,326
byte,3,16000,326
byte,3,16500,327
byte,3,17000,327
byte,3,17500,331
byte,3,18000,331
byte,3,18500,331
byte,3,19000,331
byte,3,19500,331
byte,3,20000,332
byte,3,20500,334
byte,3,21000,334
byte,3,21500,334
byte,3,22000,335
byte,3,22500,335
byte,3,23000,335
byte,3,23500,338
byte,3,24000,339
byte,3,24500,339
byte,4,0,188
byte,4,500,253
byte,4,1000,266
byte,4,1500,279
byte,4,2000,294
byte,4,2500,295
byte,4,3000,298
byte,4,3500,298
byte,4,4000,302
byte,4,4500,307
byte,4,5000,314
byte,4,5500,317
byte,4,6000,319
byte,4,6500,322
byte,4,7000,323
byte,4,7500,325
byte,4,8000,325
byte,4,8500,325
byte,4,9000,329
byte,4,9500,329
byte,4,10000,330
byte,4,10500,331
byte,4,11000,331
byte,4,11500,331
byte,4,12000,333
byte,4,12500,333
byte,4,13000,336
byte,4,13500,341
byte,4,14000,342
byte,4,14500,343
byte,4,15000,348
byte,4,15500,348
byte,4,16000,348
byte,4,16500,349
byte,4,17000,349
byte,4,17500,350
byte,4,18000,350
byte,4,18500,350
byte,4,19000,351
byte,4,19500,352
byte,4,20000,353
byte,4,20500,354
byte,4,21000,354
byte,4,21500,354
byte,4,22000,354
byte,4,22500,354
byte,4,23000,354
byte,4,23500,354
byte,4,24000,356
byte,4,24500,356
byte,5,0,178
byte,5,500,245
byte,5,1000,269
byte,5,1500,278
byte,5,2000,284
byte,5,2500,288
byte,5,3000,292
byte,5,3500,298
byte,5,4000,303
byte,5,4500,305
byte,5,5000,307
byte,5,5500,308
byte,5,6000,309
byte,5,6500,309
byte,5,7000,312
byte,5,7500,313
byte,5,8000,314
byte,5,8500,314
byte,5,9000,315
byte,5,9500,316
byte,5,10000,316
byte,5,10500,316
byte,5,11000,318
byte,5,11500,318
byte,5,12000,318
byte,5,12500,320
byte,5,13000,320
byte,5,13500,320
byte,5,14000,320
byte,5,14500,320
byte,5,15000,322
byte,5,15500,323
byte,5,16000,323
byte,5,16500,327
byte,5,17000,327
byte,5,17500,327
byte,5,18000,327
byte,5,18500,327
byte,5,19000,327
byte,5,19500,327
byte,5,20000,327
byte,5,20500,327
byte,5,21000,327
byte,5,21500,332
byte,5,22000,332
byte,5,22500,332
byte,5,23000,332
byte,5,23500,333
byte,5,24000,336
byte,5,24500,337
byte,6,0,186
byte,6,500,238
byte,6,1000,252
byte,6,1500,270
byte,6,2000,281
byte,6,2500,286
byte,6,3000,293
byte,6,3500,296
byte,6,4000,297
byte,6,4500,299
byte,6,5000,301
byte,6,5500,304
byte,6,6000,306
byte,6,6500,307
byte,6,7000,308
byte,6,7500,312
byte,6,8000,319
byte,6,8500,319
byte,6,9000,328
byte,6,9500,330
byte,6,10000,330
byte,6,10500,334
byte,6,11000,334
byte,6,11500,335
byte,6,12000,335
byte,6,12500,337
byte,6,13000,343
byte,6,13500,343
byte,6,14000,343
byte,6,14500,343
byte,6,15000,345
byte,6,15500,345
byte,6,16000,345
byte,6,16500,345
byte,6,17000,346
byte,6,17500,346
byte,6,18000,346
byte,6,18500,346
byte,6,19000,347
byte,6,19500,348
byte,6,20000,348
byte,6,20500,348
byte,6,21000,349
byte,6,21500,349
byte,6,22000,349
byte,6,22500,349
byte,6,23000,349
byte,6,23500,349
byte,6,24000,349
byte,6,24500,350
byte,7,0,184
byte,7,500,236
byte,7,1000,265
byte,7,1500,272
byte,7,2000,291
byte,7,2500,295
byte,7,3000,299
byte,7,3500,303
byte,7,4000,306
byte,7,4500,310
byte,7,5000,311
byte,7,5500,311
byte,7,6000,312
byte,7,6500,316
byte,7,7000,316
byte,7,7500,318
byte,7,8000,319
byte,7,8500,323
byte,7,9000,323
byte,7,9500,323
byte,7,10000,327
byte,7,10500,328
byte,7,11000,328
byte,7,11500,328
byte,7,12000,328
byte,7,12500,329
byte,7,13000,329
byte,7,13500,329
byte,7,14000,330
byte,7,14500,330
byte,7,15000,330
byte,7,15500,330
byte,7,16000,330
byte,7,16500,330
byte,7,17000,330
byte,7,17500,331
byte,7,18000,331
byte,7,18500,331
byte,7,19000,331
byte,7,19500,331
byte,7,20000,333
byte,7,20500,333
byte,7,21000,333
byte,7,21500,333
byte,7,22000,334
byte,7,22500,334
byte,7,23000,334
byte,7,23500,334
byte,7,24000,334
byte,7,24500,334
byte,8,0,188
byte,8,500,257
byte,8,1000,271
byte,8,1500,276
byte,8,2000,281
byte,8,2500,284
byte,8,3000,295
byte,8,3500,295
byte,8,4000,299
byte,8,4500,306
byte,8,5000,308
byte,8,5500,310
byte,8,6000,312
byte,8,6500,312
byte,8,7000,313
byte,8,7500,316
byte,8,8000,316
byte,8,8500,316
byte,8,9000,316
byte,8,9500,316
byte,8,10000,316
byte,8,10500,316
byte,8,11000,317
byte,8,11500,319
byte,8,12000,319
byte,8,12500,321
byte,8,13000,324
byte,8,13500,326
byte,8,14000,326
byte,8,14500,328
byte,8,15000,328
byte,8,15500,328
byte,8,16000,330
byte,8,16500,334
byte,8,17000,334
byte,8,17500,334
byte,8,18000,334
byte,8,18500,334
byte,8,19000,341
byte,8,19500,342
byte,8,20000,342
byte,8,20500,342
byte,8,21000,343
byte,8,21500,343
byte,8,22000,343
byte,8,22500,343
byte,8,23000,343
byte,8,23500,345
byte,8,24000,345
byte,8,24500,346
byte,9,0,184
byte,9,500,253
byte,9,1000,278
byte,9,1500,283
byte,9,2000,290
byte,9,2500,293
byte,9,3000,301
byte,9,3500,302
byte,9,4000,306
byte,9,4500,308
byte,9,5000,312
byte,9,5500,316
byte,9,6000,320
byte,9,6500,320
byte,9,7000,321
byte,9,7500,323
byte,9,8000,327
byte,9,8500,327
byte,9,9000,327
byte,9,9500,327
byte,9,10000,328
byte,9,10500,330
byte,9,11000,331
byte,9,11500,332
byte,9,12000,332
byte,9,12500,332
byte,9,13000,333
byte,9,13500,333
byte,9,14000,336
byte,9,14500,336
byte,9,15000,337
byte,9,15500,338
byte,9,16000,338
byte,9,16500,338
byte,9,17000,338
byte,9,17500,338
byte,9,18000,339
byte,9,18500,339
byte,9,19000,343
byte,9,19500,343
byte,9,20000,343
byte,9,20500,343
byte,9,21000,343
byte,9,21500,343
byte,9,22000,344
byte,9,22500,344
byte,9,23000,345
byte,9,23500,346
byte,9,24000,346
byte,9,24500,347
byte,10,0,186
byte,10,500,241
byte,10,1000,261
byte,10,1500,267
byte,10,2000,274
byte,10,2500,280
byte,10,3000,285
byte,10,3500,290
byte,10,4000,294
byte,10,4500,298
byte,10,5000,299
byte,10,5500,302
byte,10,6000,304
byte,10,6500,305
byte,10,7000,306
byte,10,7500,307
byte,10,8000,311
byte,10,8500,313
byte,10,9000,314
byte,10,9500,315
byte,10,10000,320
byte,10,10500,324
byte,10,11000,324
byte,10,11500,325
byte,10,12000,326
byte,10,12500,326
byte,10,13000,329
byte,10,13500,330
byte,10,14000,330
byte,10,14500,330
byte,10,15000,330
byte,10,15500,330
byte,10,16000,330
byte,10,16500,331
byte,10,17000,331
byte,10,17500,332
byte,10,18000,336
byte,10,18500,336
byte,10,19000,337
byte,10,19500,339
byte,10,20000,341
byte,10,20500,341
byte,10,21000,341
byte,10,21500,341
byte,10,22000,341
byte,10,22500,343
byte,10,23000,343
byte,10,23500,344
byte,10,24000,344
byte,10,24500,344
byte,11,0,178
byte,11,500,251
byte,11,1000,275
byte,11,1500,289
byte,11,2000,297
byte,11,2500,301
byte,11,3000,306
byte,11,3500,308
byte,11,4000,309
byte,11,4500,312
byte,11,5000,316
byte,11,5500,318
byte,11,6000,318
byte,11,6500,321
byte,11,7000,321
byte,11,7500,324
byte,11,8000,324
byte,11,8500,325
byte,11,9000,325
byte,11,9500,325
byte,11,10000,326
byte,11,10500,326
byte,11,11000,326
byte,11,11500,329
byte,11,12000,330
byte,11,12500,330
byte,11,13000,330
byte,11,13500,330
byte,11,14000,330
byte,11,14500,332
byte,11,15000,332
byte,11,15500,332
byte,11,16000,332
byte,11,16500,333
byte,11,17000,333
byte,11,17500,334
byte,11,18000,335
byte,11,18500,335
byte,11,19000,335
byte,11,19500,335
byte,11,20000,339
byte,11,20500,339
byte,11,21000,339
byte,11,21500,339
byte,11,22000,339
byte,11,22500,339
byte,11,23000,341
byte,11,23500,341
byte,11,24000,342
byte,11,24500,342
byte,12,0,178
byte,12,500,242
byte,12,1000,254
byte,12,1500,274
byte,12,2000,281
byte,12,2500,283
byte,12,3000,286
byte,12,3500,290
byte,12,4000,291
byte,12,4500,292
byte,12,5000,295
byte,12,5500,304
byte,12,6000,304
byte,12,6500,308
byte,12,7000,308
byte,12,7500,314
byte,12,8000,314
byte,12,8500,317
byte,12,9000,320
byte,12,9500,321
byte,12,10000,325
byte,12,10500,326
byte,12,11000,326
byte,12,11500,328
byte,12,12000,331
byte,12,12500,331
byte,12,13000,333
byte,12,13500,335
byte,12,14000,337
byte,12,14500,340
byte,12,15000,342
byte,12,15500,345
byte,12,16000,346
byte,12,16500,346
byte,12,17000,346
byte,12,17500,346
byte,12,18000,346
byte,12,18500,347
byte,12,19000,347
byte,12,19500,348
byte,12,20000,348
byte,12,20500,348
byte,12,21000,348
byte,12,21500,348
byte,12,22000,348
byte,12,22500,349
byte,12,23000,349
byte,12,23500,349
byte,12,24000,351
byte,12,24500,351
byte,13,0,178
byte,13,500,244
byte,13,1000,259
byte,13,1500,268
byte,13,2000,273
byte,13,2500,279
byte,13,3000,290
byte,13,3500,298
byte,13,4000,300
byte,13,4500,304
byte,13,5000,305
byte,13,5500,306
byte,13,6000,308
byte,13,6500,312
byte,13,7000,314
byte,13,7500,314
byte,13,8000,314
byte,13,8500,315
byte,13,9000,316
byte,13,9500,317
byte,13,10000,319
byte,13,10500,319
byte,13,11000,319
byte,13,11500,319
byte,13,12000,321
byte,13,12500,323
byte,13,13000,324
byte,13,13500,329
byte,13,14000,329
byte,13,14500,329
byte,13,15000,330
byte,13,15500,330
byte,13,16000,332
byte,13,16500,332
byte,13,17000,332
byte,13,17500,333
byte,13,18000,333
byte,13,18500,333
byte,13,19000,333
byte,13,19500,333
byte,13,20000,333
byte,13,20500,334
byte,13,21000,335
byte,13,21500,335
byte,13,22000,338
byte,13,22500,338
byte,13,23000,341
byte,13,23500,341
byte,13,24000,341
byte,13,24500,341
byte,14,0,188
byte,14,500,241
byte,14,1000,262
byte,14,1500,265
byte,14,2000,272
byte,14,2500,280
byte,14,3000,287
byte,14,3500,294
byte,14,4000,300
byte,14,4500,302
byte,14,5000,303
byte,14,5500,304
byte,14,6000,308
byte,14,6500,309
byte,14,7000,311
byte,14,7500,314
byte,14,8000,318
byte,14,8500,318
byte,14,9000,321
byte,14,9500,321
byte,14,10000,321
byte,14,10500,325
byte,14,11000,326
byte,14,11500,327
byte,14,12000,329
byte,14,12500,330
byte,14,13000,335
byte,14,13500,336
byte,14,14000,337
byte,14,14500,337
byte,14,15000,338
byte,14,15500,338
byte,14,16000,338
byte,14,16500,338
byte,14,17000,338
byte,14,17500,338
byte,14,18000,339
byte,14,18500,339
byte,14,19000,339
byte,14,19500,340
byte,14,20000,345
byte,14,20500,346
byte,14,21000,346
byte,14,21500,346
byte,14,22000,346
byte,14,22500,347
byte,14,23000,347
byte,14,23500,347
byte,14,24000,347
byte,14,24500,347
uniform,0,0,188
uniform,0,500,280
uniform,0,1000,294
uniform,0,1500,302
uniform,0,2000,307
uniform,0,2500,318
uniform,0,3000,328
uniform,0,3500,332
uniform,0,4000,336
uniform,0,4500,343
uniform,0,5000,344
uniform,0,5500,345
uniform,0,6000,347
uniform,0,6500,350
uniform,0,7000,352
uniform,0,7500,354
uniform,0,8000,358
uniform,0,8500,362
uniform,0,9000,363
uniform,0,9500,365
uniform,0,10000,367
uniform,0,10500,367
uniform,0,11000,369
uniform,0,11500,373
uniform,0,12000,373
uniform,0,12500,373
uniform,0,13000,373
uniform,0,13500,376
uniform,0,14000,376
uniform,0,14500,376
uniform,0,15000,379
uniform,0,15500,379
uniform,0,16000,379
uniform,0,16500,379
uniform,0,17000,379
uniform,0,17500,379
uniform,0,18000,380
uniform,0,18500,380
uniform,0,19000,380
uniform,0,19500,380
uniform,0,20000,380
uniform,0,20500,380
uniform,0,21000,381
uniform,0,21500,381
uniform,0,22000,381
uniform,0,22500,383
uniform,0,23000,383
uniform,0,23500,383
uniform,0,24000,384
uniform,0,24500,386
uniform,1,0,178
uniform,1,500,287
uniform,1,1000,306
uniform,1,1500,316
uniform,1,2000,328
uniform,1,2500,331
uniform,1,3000,342
uniform,1,3500,342
uniform,1,4000,347
uniform,1,4500,348
uniform,1,5000,358
uniform,1,5500,364
uniform,1,6000,365
uniform,1,6500,365
uniform,1,7000,365
uniform,1,7500,369
uniform,1,8000,369
uniform,1,8500,372
uniform,1,9000,372
uniform,1,9500,372
uniform,1,10000,373
uniform,1,10500,373
uniform,1,11000,375
uniform,1,11500,375
uniform,1,12000,377
uniform,1,12500,378
uniform,1,13000,379
uniform,1,13500,380
uniform,1,14000,380
uniform,1,14500,380
uniform,1,15000,380
uniform,1,15500,382
uniform,1,16000,382
uniform,1,16500,385
uniform,1,17000,385
uniform,1,17500,385
uniform,1,18000,387
uniform,1,18500,387
uniform,1,19000,387
uniform,1,19500,387
uniform,1,20000,387
uniform,1,20500,387
uniform,1,21000,387
uniform,1,21500,389
uniform,1,22000,389
uniform,1,22500,392
uniform,1,23000,392
uniform,1,23500,392
uniform,1,24000,392
uniform,1,24500,394
uniform,2,0,186
uniform,2,500,272
uniform,2,1000,285
uniform,2,1500,303
uniform,2,2000,314
uniform,2,2500,325
uniform,2,3000,328
uniform,2,3500,337
uniform,2,4000,341
uniform,2,4500,342
uniform,2,5000,346
uniform,2,5500,348
uniform,2,6000,349
uniform,2,6500,355
uniform,2,7000,355
uniform,2,7500,356
uniform,2,8000,356
uniform,2,8500,358
uniform,2,9000,358
uniform,2,9500,360
uniform,2,10000,361
uniform,2,10500,361
uniform,2,11000,361
uniform,2,11500,363
uniform,2,12000,363
uniform,2,12500,363
uniform,2,13000,363
uniform,2,13500,363
uniform,2,14000,363
uniform,2,14500,365
uniform,2,15000,365
uniform,2,15500,365
uniform,2,16000,365
uniform,2,16500,365
uniform,2,17000,365
uniform,2,17500,365
uniform,2,18000,365
uniform,2,18500,366
uniform,2,19000,366
uniform,2,19500,366
uniform,2,20000,366
uniform,2,20500,368
uniform,2,21000,368
uniform,2,21500,368
uniform,2,22000,368
uniform,2,22500,368
uniform,2,23000,368
uniform,2,23500,369
uniform,2,24000,371
uniform,2,24500,373
uniform,3,0,178
uniform,3,500,280
uniform,3,1000,298
uniform,3,1500,315
uniform,3,2000,324
uniform,3,2500,325
uniform,3,3000,331
uniform,3,3500,335
uniform,3,4000,339
uniform,3,4500,342
uniform,3,5000,349
uniform,3,5500,349
uniform,3,6000,350
uniform,3,6500,352
uniform,3,7000,356
uniform,3,7500,357
uniform,3,8000,359
uniform,3,8500,360
uniform,3,9000,360
uniform,3,9500,362
uniform,3,10000,363
uniform,3,10500,364
uniform,3,11000,366
uniform,3,11500,366
uniform,3,12000,367
uniform,3,12500,369
uniform,3,13000,370
uniform,3,13500,371
uniform,3,14000,371
uniform,3,14500,371
uniform,3,15000,373
uniform,3,15500,375
uniform,3,16000,376
uniform,3,16500,377
uniform,3,17000,377
uniform,3,17500,377
uniform,3,18000,377
uniform,3,18500,377
uniform,3,19000,377
uniform,3,19500,378
uniform,3,20000,379
uniform,3,20500,380
uniform,3,21000,380
uniform,3,21500,380
uniform,3,22000,380
uniform,3,22500,380
uniform,3,23000,380
uniform,3,23500,380
uniform,3,24000,381
uniform,3,24500,383
uniform,4,0,178
uniform,4,500,290
uniform,4,1000,313
uniform,4,1500,325
uniform,4,2000,326
uniform,4,2500,331
uniform,4,3000,332
uniform,4,3500,335
uniform,4,4000,340
uniform,4,4500,341
uniform,4,5000,343
uniform,4,5500,345
uniform,4,6000,345
uniform,4,6500,349
uniform,4,7000,352
uniform,4,7500,358
uniform,4,8000,358
uniform,4,8500,358
uniform,4,9000,360
uniform,4,9500,361
uniform,4,10000,362
uniform,4,10500,364
uniform,4,11000,366
uniform,4,11500,367
uniform,4,12000,368
uniform,4,12500,368
uniform,4,13000,368
uniform,4,13500,368
uniform,4,14000,368
uniform,4,14500,370
uniform,4,15000,370
uniform,4,15500,372
uniform,4,16000,373
uniform,4,16500,374
uniform,4,17000,374
uniform,4,17500,375
uniform,4,18000,375
uniform,4,18500,376
uniform,4,19000,380
uniform,4,19500,380
uniform,4,20000,380
uniform,4,20500,381
uniform,4,21000,381
uniform,4,21500,381
uniform,4,22000,382
uniform,4,22500,382
uniform,4,23000,382
uniform,4,23500,382
uniform,4,24000,383
uniform,4,24500,385
uniform,5,0,186
uniform,5,500,269
uniform,5,1000,300
uniform,5,1500,309
uniform,5,2000,316
uniform,5,2500,325
uniform,5,3000,328
uniform,5,3500,336
uniform,5,4000,336
uniform,5,4500,339
uniform,5,5000,339
uniform,5,5500,342
uniform,5,6000,353
uniform,5,6500,355
uniform,5,7000,361
uniform,5,7500,361
uniform,5,8000,362
uniform,5,8500,363
uniform,5,9000,365
uniform,5,9500,365
uniform,5,10000,365
uniform,5,10500,368
uniform,5,11000,368
uniform,5,11500,369
uniform,5,12000,369
uniform,5,12500,370
uniform,5,13000,371
uniform,5,13500,373
uniform,5,14000,373
uniform,5,14500,373
uniform,5,15000,376
uniform,5,15500,378
uniform,5,16000,378
uniform,5,16500,378
uniform,5,17000,379
uniform,5,17500,379
uniform,5,18000,380
uniform,5,18500,380
uniform,5,19000,380
uniform,5,19500,380
uniform,5,20000,380
uniform,5,20500,382
uniform,5,21000,382
uniform,5,21500,383
uniform,5,22000,384
uniform,5,22500,384
uniform,5,23000,385
uniform,5,23500,386
uniform,5,24000,389
uniform,5,24500,389
uniform,6,0,185
uniform,6,500,291
uniform,6,1000,311
uniform,6,1500,323
uniform,6,2000,330
uniform,6,2500,334
uniform,6,3000,338
uniform,6,3500,340
uniform,6,4000,345
uniform,6,4500,345
uniform,6,5000,349
uniform,6,5500,352
uniform,6,6000,353
uniform,6,6500,359
uniform,6,7000,362
uniform,6,7500,363
uniform,6,8000,363
uniform,6,8500,365
uniform,6,9000,365
uniform,6,9500,366
uniform,6,10000,366
uniform,6,10500,367
uniform,6,11000,369
uniform,6,11500,369
uniform,6,12000,369
uniform,6,12500,369
uniform,6,13000,370
uniform,6,13500,370
uniform,6,14000,372
uniform,6,14500,376
uniform,6,15000,376
uniform,6,15500,376
uniform,6,16000,379
uniform,6,16500,379
uniform,6,17000,379
uniform,6,17500,379
uniform,6,18000,379
uniform,6,18500,381
uniform,6,19000,381
uniform,6,19500,381
uniform,6,20000,381
uniform,6,20500,381
uniform,6,21000,381
uniform,6,21500,381
uniform,6,22000,381
uniform,6,22500,381
uniform,6,23000,381
uniform,6,23500,382
uniform,6,24000,383
uniform,6,24500,383
uniform,7,0,188
uniform,7,500,290
uniform,7,1000,317
uniform,7,1500,328
uniform,7,2000,336
uniform,7,2500,338
uniform,7,3000,341
uniform,7,3500,345
uniform,7,4000,352
uniform,7,4500,353
uniform,7,5000,353
uniform,7,5500,354
uniform,7,6000,354
uniform,7,6500,357
uniform,7,7000,358
uniform,7,7500,359
uniform,7,8000,361
uniform,7,8500,361
uniform,7,9000,362
uniform,7,9500,362
uniform,7,10000,364
uniform,7,10500,366
uniform,7,11000,366
uniform,7,11500,369
uniform,7,12000,371
uniform,7,12500,372
uniform,7,13000,372
uniform,7,13500,375
uniform,7,14000,375
uniform,7,14500,378
uniform,7,15000,378
uniform,7,15500,378
uniform,7,16000,378
uniform,7,16500,378
uniform,7,17000,378
uniform,7,17500,378
uniform,7,18000,378
uniform,7,18500,378
uniform,7,19000,378
uniform,7,19500,378
uniform,7,20000,378
uniform,7,20500,379
uniform,7,21000,380
uniform,7,21500,380
uniform,7,22000,380
uniform,7,22500,388
uniform,7,23000,388
uniform,7,23500,389
uniform,7,24000,390
uniform,7,24500,390
uniform,8,0,185
uniform,8,500,287
uniform,8,1000,308
uniform,8,1500,322
uniform,8,2000,329
uniform,8,2500,331
uniform,8,3000,340
uniform,8,3500,342
uniform,8,4000,343
uniform,8,4500,343
uniform,8,5000,347
uniform,8,5500,352
uniform,8,6000,352
uniform,8,6500,352
uniform,8,7000,352
uniform,8,7500,352
uniform,8,8000,352
uniform,8,8500,353
uniform,8,9000,353
uniform,8,9500,353
uniform,8,10000,354
uniform,8,10500,358
uniform,8,11000,358
uniform,8,11500,358
uniform,8,12000,358
uniform,8,12500,360
uniform,8,13000,363
uniform,8,13500,363
uniform,8,14000,365
uniform,8,14500,367
uniform,8,15000,367
uniform,8,15500,367
uniform,8,16000,368
uniform,8,16500,368
uniform,8,17000,369
uniform,8,17500,369
uniform,8,18000,369
uniform,8,18500,372
uniform,8,19000,375
uniform,8,19500,376
uniform,8,20000,376
uniform,8,20500,376
uniform,8,21000,378
uniform,8,21500,378
uniform,8,22000,378
uniform,8,22500,378
uniform,8,23000,378
uniform,8,23500,378
uniform,8,24000,380
uniform,8,24500,380
uniform,9,0,178
uniform,9,500,291
uniform,9,1000,315
uniform,9,1500,322
uniform,9,2000,331
uniform,9,2500,335
uniform,9,3000,336
uniform,9,3500,345
uniform,9,4000,350
uniform,9,4500,352
uniform,9,5000,352
uniform,9,5500,354
uniform,9,6000,356
uniform,9,6500,358
uniform,9,7000,360
uniform,9,7500,360
uniform,9,8000,360
uniform,9,8500,360
uniform,9,9000,361
uniform,9,9500,361
uniform,9,10000,361
uniform,9,10500,363
uniform,9,11000,365
uniform,9,11500,370
uniform,9,12000,370
uniform,9,12500,372
uniform,9,13000,372
uniform,9,13500,372
uniform,9,14000,372
uniform,9,14500,373
uniform,9,15000,373
uniform,9,15500,373
uniform,9,16000,373
uniform,9,16500,373
uniform,9,17000,373
uniform,9,17500,374
uniform,9,18000,375
uniform,9,18500,375
uniform,9,19000,376
uniform,9,19500,376
uniform,9,20000,376
uniform,9,20500,376
uniform,9,21000,376
uniform,9,21500,376
uniform,9,22000,376
uniform,9,22500,376
uniform,9,23000,376
uniform,9,23500,376
uniform,9,24000,376
uniform,9,24500,380
uniform,10,0,178
uniform,10,500,267
uniform,10,1000,287
uniform,10,1500,301
uniform,10,2000,307
uniform,10,2500,316
uniform,10,3000,324
uniform,10,3500,325
uniform,10,4000,329
uniform,10,4500,332
uniform,10,5000,337
uniform,10,5500,339
uniform,10,6000,344
uniform,10,6500,347
uniform,10,7000,349
uniform,10,7500,349
uniform,10,8000,352
uniform,10,8500,353
uniform,10,9000,356
uniform,10,9500,358
uniform,10,10000,361
uniform,10,10500,363
uniform,10,11000,365
uniform,10,11500,365
uniform,10,12000,365
uniform,10,12500,365
uniform,10,13000,365
uniform,10,13500,365
uniform,10,14000,365
uniform,10,14500,367
uniform,10,15000,367
uniform,10,15500,367
uniform,10,16000,367
uniform,10,16500,367
uniform,10,17000,367
uniform,10,17500,368
uniform,10,18000,368
uniform,10,18500,368
uniform,10,19000,368
uniform,10,19500,369
uniform,10,20000,369
uniform,10,20500,369
uniform,10,21000,369
uniform,10,21500,369
uniform,10,22000,371
uniform,10,22500,371
uniform,10,23000,371
uniform,10,23500,371
uniform,10,24000,371
uniform,10,24500,371
uniform,11,0,178
uniform,11,500,291
uniform,11,1000,318
uniform,11,1500,324
uniform,11,2000,334
uniform,11,2500,334
uniform,11,3000,339
uniform,11,3500,344
uniform,11,4000,346
uniform,11,4500,348
uniform,11,5000,350
uniform,11,5500,350
uniform,11,6000,350
uniform,11,6500,350
uniform,11,7000,351
uniform,11,7500,352
uniform,11,8000,353
uniform,11,8500,355
uniform,11,9000,356
uniform,11,9500,356
uniform,11,10000,357
uniform,11,10500,361
uniform,11,11000,361
uniform,11,11500,361
uniform,11,12000,361
uniform,11,12500,361
uniform,11,13000,365
uniform,11,13500,366
uniform,11,14000,367
uniform,11,14500,367
uniform,11,15000,370
uniform,11,15500,370
uniform,11,16000,370
uniform,11,16500,373
uniform,11,17000,377
uniform,11,17500,380
uniform,11,18000,380
uniform,11,18500,380
uniform,11,19000,380
uniform,11,19500,380
uniform,11,20000,380
uniform,11,20500,380
uniform,11,21000,380
uniform,11,21500,380
uniform,11,22000,380
uniform,11,22500,380
uniform,11,23000,383
uniform,11,23500,383
uniform,11,24000,383
uniform,11,24500,383
uniform,12,0,187
uniform,12,500,284
uniform,12,1000,305
uniform,12,1500,323
uniform,12,2000,327
uniform,12,2500,331
uniform,12,3000,333
uniform,12,3500,337
uniform,12,4000,346
uniform,12,4500,346
uniform,12,5000,349
uniform,12,5500,353
uniform,12,6000,356
uniform,12,6500,360
uniform,12,7000,360
uniform,12,7500,360
uniform,12,8000,360
uniform,12,8500,360
uniform,12,9000,360
uniform,12,9500,360
uniform,12,10000,360
uniform,12,10500,364
uniform,12,11000,364
uniform,12,11500,364
uniform,12,12000,365
uniform,12,12500,367
uniform,12,13000,367
uniform,12,13500,367
uniform,12,14000,367
uniform,12,14500,367
uniform,12,15000,369
uniform,12,15500,369
uniform,12,16000,369
uniform,12,16500,369
uniform,12,17000,371
uniform,12,17500,371
uniform,12,18000,371
uniform,12,18500,371
uniform,12,19000,371
uniform,12,19500,372
uniform,12,20000,372
uniform,12,20500,373
uniform,12,21000,373
uniform,12,21500,373
uniform,12,22000,373
uniform,12,22500,374
uniform,12,23000,374
uniform,12,23500,374
uniform,12,24000,375
uniform,12,24500,375
uniform,13,0,178
uniform,13,500,270
uniform,13,1000,303
uniform,13,1500,315
uniform,13,2000,323
uniform,13,2500,325
uniform,13,3000,328
uniform,13,3500,332
uniform,13,4000,333
uniform,13,4500,336
uniform,13,5000,342
uniform,13,5500,349
uniform,13,6000,350
uniform,13,6500,354
uniform,13,7000,355
uniform,13,7500,357
uniform,13,8000,365
uniform,13,8500,365
uniform,13,9000,365
uniform,13,9500,367
uniform,13,10000,369
uniform,13,10500,369
uniform,13,11000,369
uniform,13,11500,369
uniform,13,12000,370
uniform,13,12500,375
uniform,13,13000,375
uniform,13,13500,375
uniform,13,14000,375
uniform,13,14500,375
uniform,13,15000,375
uniform,13,15500,375
uniform,13,16000,375
uniform,13,16500,375
uniform,13,17000,375
uniform,13,17500,375
uniform,13,18000,375
uniform,13,18500,375
uniform,13,19000,376
uniform,13,19500,376
uniform,13,20000,376
uniform,13,20500,376
uniform,13,21000,376
uniform,13,21500,376
uniform,13,22000,377
uniform,13,22500,379
uniform,13,23000,379
uniform,13,23500,380
uniform,13,24000,380
uniform,13,24500,381
uniform,14,0,196
uniform,14,500,276
uniform,14,1000,304
uniform,14,1500,315
uniform,14,2000,325
uniform,14,2500,329
uniform,14,3000,333
uniform,14,3500,340
uniform,14,4000,348
uniform,14,4500,352
uniform,14,5000,354
uniform,14,5500,357
uniform,14,6000,362
uniform,14,6500,362
uniform,14,7000,362
uniform,14,7500,364
uniform,14,8000,364
uniform,14,8500,365
uniform,14,9000,366
uniform,14,9500,368
uniform,14,10000,370
uniform,14,10500,370
uniform,14,11000,372
uniform,14,11500,373
uniform,14,12000,373
uniform,14,12500,377
uniform,14,13000,377
uniform,14,13500,377
uniform,14,14000,377
uniform,14,14500,377
uniform,14,15000,377
uniform,14,15500,377
uniform,14,16000,377
uniform,14,16500,377
uniform,14,17000,377
uniform,14,17500,377
uniform,14,18000,378
uniform,14,18500,378
uniform,14,19000,378
uniform,14,19500,378
uniform,14,20000,378
uniform,14,20500,378
uniform,14,21000,378
uniform,14,21500,379
uniform,14,22000,379
uniform,14,22500,379
uniform,14,23000,379
uniform,14,23500,379
uniform,14,24000,380
uniform,14,24500,380
entropy,0,0,187
entropy,0,500,317
entropy,0,1000,335
entropy,0,1500,339
entropy,0,2000,351
entropy,0,2500,353
entropy,0,3000,358
entropy,0,3500,359
entropy,0,4000,360
entropy,0,4500,360
entropy,0,5000,362
entropy,0,5500,362
entropy,0,6000,363
entropy,0,6500,368
entropy,0,7000,370
entropy,0,7500,370
entropy,0,8000,370
entropy,0,8500,370
entropy,0,9000,371
entropy,0,9500,373
entropy,0,10000,373
entropy,0,10500,373
entropy,0,11000,373
entropy,0,11500,374
entropy,0,12000,376
entropy,0,12500,376
entropy,0,13000,376
entropy,0,13500,377
entropy,0,14000,377
entropy,0,14500,379
entropy,0,15000,380
entropy,0,15500,380
entropy,0,16000,382
entropy,0,16500,383
entropy,0,17000,383
entropy,0,17500,384
entropy,0,18000,386
entropy,0,18500,386
entropy,0,19000,386
entropy,0,19500,386
entropy,0,20000,387
entropy,0,20500,387
entropy,0,21000,387
entropy,0,21500,387
entropy,0,22000,388
entropy,0,22500,388
entropy,0,23000,388
entropy,0,23500,388
entropy,0,24000,388
entropy,0,24500,388
entropy,1,0,184
entropy,1,500,317
entropy,1,1000,329
entropy,1,1500,336
entropy,1,2000,345
entropy,1,2500,352
entropy,1,3000,352
entropy,1,3500,354
entropy,1,4000,356
entropy,1,4500,356
entropy,1,5000,359
entropy,1,5500,364
entropy,1,6000,366
entropy,1,6500,366
entropy,1,7000,371
entropy,1,7500,372
entropy,1,8000,378
entropy,1,8500,378
entropy,1,9000,378
entropy,1,9500,378
entropy,1,10000,378
entropy,1,10500,378
entropy,1,11000,378
entropy,1,11500,378
entropy,1,12000,382
entropy,1,12500,385
entropy,1,13000,386
entropy,1,13500,386
entropy,1,14000,386
entropy,1,14500,386
entropy,1,15000,386
entropy,1,15500,386
entropy,1,16000,386
entropy,1,16500,387
entropy,1,17000,389
entropy,1,17500,389
entropy,1,18000,389
entropy,1,18500,390
entropy,1,19000,390
entropy,1,19500,390
entropy,1,20000,390
entropy,1,20500,390
entropy,1,21000,390
entropy,1,21500,390
entropy,1,22000,390
entropy,1,22500,390
entropy,1,23000,390
entropy,1,23500,390
entropy,1,24000,394
entropy,1,24500,394
entropy,2,0,188
entropy,2,500,307
entropy,2,1000,319
entropy,2,1500,331
entropy,2,2000,337
entropy,2,2500,338
entropy,2,3000,340
entropy,2,3500,343
entropy,2,4000,348
entropy,2,4500,348
entropy,2,5000,348
entropy,2,5500,351
entropy,2,6000,354
entropy,2,6500,355
entropy,2,7000,360
entropy,2,7500,362
entropy,2,8000,364
entropy,2,8500,364
entropy,2,9000,367
entropy,2,9500,367
entropy,2,10000,367
entropy,2,10500,367
entropy,2,11000,367
entropy,2,11500,370
entropy,2,12000,370
entropy,2,12500,373
entropy,2,13000,374
entropy,2,13500,374
entropy,2,14000,374
entropy,2,14500,375
entropy,2,15000,375
entropy,2,15500,375
entropy,2,16000,375
entropy,2,16500,375
entropy,2,17000,376
entropy,2,17500,376
entropy,2,18000,376
entropy,2,18500,376
entropy,2,19000,378
entropy,2,19500,378
entropy,2,20000,378
entropy,2,20500,378
entropy,2,21000,378
entropy,2,21500,380
entropy,2,22000,380
entropy,2,22500,380
entropy,2,23000,380
entropy,2,23500,380
entropy,2,24000,381
entropy,2,24500,381
entropy,3,0,178
entropy,3,500,310
entropy,3,1000,321
entropy,3,1500,326
entropy,3,2000,331
entropy,3,2500,331
entropy,3,3000,340
entropy,3,3500,348
entropy,3,4000,348
entropy,3,4500,350
entropy,3,5000,354
entropy,3,5500,357
entropy,3,6000,359
entropy,3,6500,364
entropy,3,7000,366
entropy,3,7500,367
entropy,3,8000,370
entropy,3,8500,370
entropy,3,9000,370
entropy,3,9500,370
entropy,3,10000,371
entropy,3,10500,371
entropy,3,11000,371
entropy,3,11500,373
entropy,3,12000,373
entropy,3,12500,373
entropy,3,13000,374
entropy,3,13500,375
entropy,3,14000,375
entropy,3,14500,375
entropy,3,15000,375
entropy,3,15500,375
entropy,3,16000,376
entropy,3,16500,377
entropy,3,17000,377
entropy,3,17500,379
entropy,3,18000,379
entropy,3,18500,379
entropy,3,19000,379
entropy,3,19500,379
entropy,3,20000,379
entropy,3,20500,379
entropy,3,21000,379
entropy,3,21500,380
entropy,3,22000,381
entropy,3,22500,381
entropy,3,23000,381
entropy,3,23500,384
entropy,3,24000,384
entropy,3,24500,384
entropy,4,0,186
entropy,4,500,306
entropy,4,1000,325
entropy,4,1500,343
entropy,4,2000,351
entropy,4,2500,357
entropy,4,3000,365
entropy,4,3500,367
entropy,4,4000,375
entropy,4,4500,378
entropy,4,5000,378
entropy,4,5500,378
entropy,4,6000,380
entropy,4,6500,382
entropy,4,7000,383
entropy,4,7500,383
entropy,4,8000,383
entropy,4,8500,383
entropy,4,9000,383
entropy,4,9500,383
entropy,4,10000,383
entropy,4,10500,383
entropy,4,11000,383
entropy,4,11500,383
entropy,4,12000,383
entropy,4,12500,383
entropy,4,13000,383
entropy,4,13500,383
entropy,4,14000,383
entropy,4,14500,387
entropy,4,15000,389
entropy,4,15500,389
entropy,4,16000,390
entropy,4,16500,390
entropy,4,17000,390
entropy,4,17500,391
entropy,4,18000,391
entropy,4,18500,391
entropy,4,19000,391
entropy,4,19500,391
entropy,4,20000,391
entropy,4,20500,391
entropy,4,21000,392
entropy,4,21500,392
entropy,4,22000,392
entropy,4,22500,392
entropy,4,23000,392
entropy,4,23500,393
entropy,4,24000,394
entropy,4,24500,394
entropy,5,0,178
entropy,5,500,307
entropy,5,1000,327
entropy,5,1500,338
entropy,5,2000,346
entropy,5,2500,353
entropy,5,3000,353
entropy,5,3500,354
entropy,5,4000,356
entropy,5,4500,357
entropy,5,5000,361
entropy,5,5500,362
entropy,5,6000,362
entropy,5,6500,362
entropy,5,7000,365
entropy,5,7500,366
entropy,5,8000,366
entropy,5,8500,366
entropy,5,9000,367
entropy,5,9500,367
entropy,5,10000,372
entropy,5,10500,372
entropy,5,11000,374
entropy,5,11500,374
entropy,5,12000,374
entropy,5,12500,374
entropy,5,13000,377
entropy,5,13500,377
entropy,5,14000,377
entropy,5,14500,377
entropy,5,15000,379
entropy,5,15500,379
entropy,5,16000,379
entropy,5,16500,382
entropy,5,17000,383
entropy,5,17500,385
entropy,5,18000,385
entropy,5,18500,385
entropy,5,19000,386
entropy,5,19500,387
entropy,5,20000,388
entropy,5,20500,388
entropy,5,21000,388
entropy,5,21500,388
entropy,5,22000,388
entropy,5,22500,389
entropy,5,23000,390
entropy,5,23500,390
entropy,5,24000,390
entropy,5,24500,390
entropy,6,0,186
entropy,6,500,311
entropy,6,1000,332
entropy,6,1500,341
entropy,6,2000,346
entropy,6,2500,349
entropy,6,3000,353
entropy,6,3500,353
entropy,6,4000,356
entropy,6,4500,357
entropy,6,5000,363
entropy,6,5500,363
entropy,6,6000,364
entropy,6,6500,364
entropy,6,7000,366
entropy,6,7500,370
entropy,6,8000,371
entropy,6,8500,371
entropy,6,9000,371
entropy,6,9500,371
entropy,6,10000,373
entropy,6,10500,373
entropy,6,11000,373
entropy,6,11500,373
entropy,6,12000,373
entropy,6,12500,375
entropy,6,13000,375
entropy,6,13500,375
entropy,6,14000,375
entropy,6,14500,377
entropy,6,15000,377
entropy,6,15500,377
entropy,6,16000,380
entropy,6,16500,380
entropy,6,17000,380
entropy,6,17500,380
entropy,6,18000,381
entropy,6,18500,381
entropy,6,19000,382
entropy,6,19500,382
entropy,6,20000,382
entropy,6,20500,382
entropy,6,21000,382
entropy,6,21500,382
entropy,6,22000,382
entropy,6,22500,382
entropy,6,23000,383
entropy,6,23500,383
entropy,6,24000,383
entropy,6,24500,383
entropy,7,0,182
entropy,7,500,317
entropy,7,1000,335
entropy,7,1500,337
entropy,7,2000,350
entropy,7,2500,355
entropy,7,3000,357
entropy,7,3500,357
entropy,7,4000,362
entropy,7,4500,366
entropy,7,5000,366
entropy,7,5500,368
entropy,7,6000,368
entropy,7,6500,368
entropy,7,7000,368
entropy,7,7500,369
entropy,7,8000,370
entropy,7,8500,370
entropy,7,9000,370
entropy,7,9500,371
entropy,7,10000,371
entropy,7,10500,377
entropy,7,11000,377
entropy,7,11500,377
entropy,7,12000,377
entropy,7,12500,377
entropy,7,13000,377
entropy,7,13500,377
entropy,7,14000,377
entropy,7,14500,377
entropy,7,15000,378
entropy,7,15500,378
entropy,7,16000,378
entropy,7,16500,378
entropy,7,17000,378
entropy,7,17500,378
entropy,7,18000,378
entropy,7,18500,378
entropy,7,19000,378
entropy,7,19500,379
entropy,7,20000,379
entropy,7,20500,379
entropy,7,21000,379
entropy,7,21500,380
entropy,7,22000,382
entropy,7,22500,386
entropy,7,23000,386
entropy,7,23500,387
entropy,7,24000,387
entropy,7,24500,387
entropy,8,0,178
entropy,8,500,298
entropy,8,1000,322
entropy,8,1500,330
entropy,8,2000,340
entropy,8,2500,345
entropy,8,3000,351
entropy,8,3500,357
entropy,8,4000,360
entropy,8,4500,363
entropy,8,5000,363
entropy,8,5500,364
entropy,8,6000,364
entropy,8,6500,364
entropy,8,7000,365
entropy,8,7500,365
entropy,8,8000,367
entropy,8,8500,367
entropy,8,9000,368
entropy,8,9500,370
entropy,8,10000,370
entropy,8,10500,371
entropy,8,11000,372
entropy,8,11500,372
entropy,8,12000,372
entropy,8,12500,372
entropy,8,13000,372
entropy,8,13500,372
entropy,8,14000,372
entropy,8,14500,372
entropy,8,15000,373
entropy,8,15500,377
entropy,8,16000,377
entropy,8,16500,377
entropy,8,17000,377
entropy,8,17500,381
entropy,8,18000,381
entropy,8,18500,381
entropy,8,19000,381
entropy,8,19500,381
entropy,8,20000,381
entropy,8,20500,381
entropy,8,21000,381
entropy,8,21500,381
entropy,8,22000,381
entropy,8,22500,381
entropy,8,23000,381
entropy,8,23500,381
entropy,8,24000,381
entropy,8,24500,381
entropy,9,0,178
entropy,9,500,308
entropy,9,1000,327
entropy,9,1500,331
entropy,9,2000,341
entropy,9,2500,345
entropy,9,3000,357
entropy,9,3500,358
entropy,9,4000,359
entropy,9,4500,364
entropy,9,5000,365
entropy,9,5500,365
entropy,9,6000,365
entropy,9,6500,365
entropy,9,7000,371
entropy,9,7500,372
entropy,9,8000,375
entropy,9,8500,375
entropy,9,9000,375
entropy,9,9500,375
entropy,9,10000,375
entropy,9,10500,375
entropy,9,11000,375
entropy,9,11500,375
entropy,9,12000,375
entropy,9,12500,375
entropy,9,13000,379
entropy,9,13500,383
entropy,9,14000,387
entropy,9,14500,387
entropy,9,15000,387
entropy,9,15500,387
entropy,9,16000,388
entropy,9,16500,388
entropy,9,17000,389
entropy,9,17500,390
entropy,9,18000,390
entropy,9,18500,391
entropy,9,19000,391
entropy,9,19500,391
entropy,9,20000,391
entropy,9,20500,391
entropy,9,21000,391
entropy,9,21500,391
entropy,9,22000,391
entropy,9,22500,393
entropy,9,23000,393
entropy,9,23500,395
entropy,9,24000,395
entropy,9,24500,395
entropy,10,0,178
entropy,10,500,300
entropy,10,1000,328
entropy,10,1500,337
entropy,10,2000,346
entropy,10,2500,353
entropy,10,3000,355
entropy,10,3500,361
entropy,10,4000,361
entropy,10,4500,361
entropy,10,5000,362
entropy,10,5500,362
entropy,10,6000,363
entropy,10,6500,363
entropy,10,7000,363
entropy,10,7500,365
entropy,10,8000,365
entropy,10,8500,365
entropy,10,9000,369
entropy,10,9500,369
entropy,10,10000,370
entropy,10,10500,375
entropy,10,11000,376
entropy,10,11500,376
entropy,10,12000,376
entropy,10,12500,378
entropy,10,13000,378
entropy,10,13500,378
entropy,10,14000,380
entropy,10,14500,380
entropy,10,15000,380
entropy,10,15500,380
entropy,10,16000,380
entropy,10,16500,381
entropy,10,17000,384
entropy,10,17500,384
entropy,10,18000,386
entropy,10,18500,387
entropy,10,19000,388
entropy,10,19500,390
entropy,10,20000,390
entropy,10,20500,390
entropy,10,21000,390
entropy,10,21500,390
entropy,10,22000,390
entropy,10,22500,390
entropy,10,23000,391
entropy,10,23500,391
entropy,10,24000,394
entropy,10,24500,394
entropy,11,0,178
entropy,11,500,310
entropy,11,1000,329
entropy,11,1500,336
entropy,11,2000,342
entropy,11,2500,345
entropy,11,3000,347
entropy,11,3500,352
entropy,11,4000,355
entropy,11,4500,361
entropy,11,5000,362
entropy,11,5500,362
entropy,11,6000,367
entropy,11,6500,368
entropy,11,7000,369
entropy,11,7500,370
entropy,11,8000,374
entropy,11,8500,377
entropy,11,9000,378
entropy,11,9500,385
entropy,11,10000,385
entropy,11,10500,386
entropy,11,11000,387
entropy,11,11500,387
entropy,11,12000,388
entropy,11,12500,389
entropy,11,13000,389
entropy,11,13500,389
entropy,11,14000,389
entropy,11,14500,390
entropy,11,15000,390
entropy,11,15500,390
entropy,11,16000,390
entropy,11,16500,390
entropy,11,17000,390
entropy,11,17500,390
entropy,11,18000,390
entropy,11,18500,390
entropy,11,19000,390
entropy,11,19500,390
entropy,11,20000,390
entropy,11,20500,390
entropy,11,21000,390
entropy,11,21500,390
entropy,11,22000,390
entropy,11,22500,391
entropy,11,23000,391
entropy,11,23500,391
entropy,11,24000,391
entropy,11,24500,393
entropy,12,0,188
entropy,12,500,308
entropy,12,1000,330
entropy,12,1500,334
entropy,12,2000,337
entropy,12,2500,350
entropy,12,3000,353
entropy,12,3500,356
entropy,12,4000,361
entropy,12,4500,361
entropy,12,5000,361
entropy,12,5500,364
entropy,12,6000,364
entropy,12,6500,364
entropy,12,7000,364
entropy,12,7500,365
entropy,12,8000,365
entropy,12,8500,367
entropy,12,9000,369
entropy,12,9500,369
entropy,12,10000,369
entropy,12,10500,370
entropy,12,11000,371
entropy,12,11500,371
entropy,12,12000,371
entropy,12,12500,371
entropy,12,13000,371
entropy,12,13500,371
entropy,12,14000,371
entropy,12,14500,371
entropy,12,15000,371
entropy,12,15500,371
entropy,12,16000,371
entropy,12,16500,372
entropy,12,17000,372
entropy,12,17500,372
entropy,12,18000,373
entropy,12,18500,375
entropy,12,19000,375
entropy,12,19500,375
entropy,12,20000,375
entropy,12,20500,375
entropy,12,21000,375
entropy,12,21500,375
entropy,12,22000,375
entropy,12,22500,377
entropy,12,23000,378
entropy,12,23500,378
entropy,12,24000,378
entropy,12,24500,378
entropy,13,0,186
entropy,13,500,302
entropy,13,1000,317
entropy,13,1500,328
entropy,13,2000,332
entropy,13,2500,339
entropy,13,3000,341
entropy,13,3500,347
entropy,13,4000,348
entropy,13,4500,355
entropy,13,5000,356
entropy,13,5500,357
entropy,13,6000,364
entropy,13,6500,364
entropy,13,7000,364
entropy,13,7500,366
entropy,13,8000,366
entropy,13,8500,369
entropy,13,9000,370
entropy,13,9500,370
entropy,13,10000,370
entropy,13,10500,370
entropy,13,11000,370
entropy,13,11500,370
entropy,13,12000,370
entropy,13,12500,370
entropy,13,13000,370
entropy,13,13500,370
entropy,13,14000,370
entropy,13,14500,374
entropy,13,15000,374
entropy,13,15500,374
entropy,13,16000,376
entropy,13,16500,376
entropy,13,17000,376
entropy,13,17500,376
entropy,13,18000,376
entropy,13,18500,376
entropy,13,19000,376
entropy,13,19500,376
entropy,13,20000,376
entropy,13,20500,376
entropy,13,21000,377
entropy,13,21500,377
entropy,13,22000,377
entropy,13,22500,377
entropy,13,23000,377
entropy,13,23500,377
entropy,13,24000,378
entropy,13,24500,381
entropy,14,0,188
entropy,14,500,307
entropy,14,1000,322
entropy,14,1500,333
entropy,14,2000,338
entropy,14,2500,349
entropy,14,3000,351
entropy,14,3500,353
entropy,14,4000,354
entropy,14,4500,357
entropy,14,5000,362
entropy,14,5500,363
entropy,14,6000,364
entropy,14,6500,364
entropy,14,7000,367
entropy,14,7500,367
entropy,14,8000,368
entropy,14,8500,368
entropy,14,9000,373
entropy,14,9500,373
entropy,14,10000,374
entropy,14,10500,374
entropy,14,11000,374
entropy,14,11500,375
entropy,14,12000,375
entropy,14,12500,375
entropy,14,13000,375
entropy,14,13500,375
entropy,14,14000,375
entropy,14,14500,375
entropy,14,15000,375
entropy,14,15500,375
entropy,14,16000,375
entropy,14,16500,376
entropy,14,17000,376
entropy,14,17500,378
entropy,14,18000,378
entropy,14,18500,378
entropy,14,19000,380
entropy,14,19500,380
entropy,14,20000,381
entropy,14,20500,384
entropy,14,21000,384
entropy,14,21500,385
entropy,14,22000,390
entropy,14,22500,390
entropy,14,23000,390
entropy,14,23500,390
entropy,14,24000,390
entropy,14,24500,390
